word,count
que,3051
los,2868
las,2366
queen,2022
vida,1694
tienda,1203
costa,1026
ofertas,934
seguro,763
salud,732
amber,670
luz,656
ese,624
servicios,623
queens,596
elizabeth,595
estudio,557
curso,556
mayor,489
civil,488
ess,484
lose,481
facil,478
como,468
condos,452
noticias,437
rios,419
barcelona,413
elo,377
compra,375
comercial,368
valencia,368
els,367
servicio,336
proyecto,336
llama,334
ellie,325
cul,315
belleza,303
ques,299
carga,297
elli,288
mejor,277
esl,277
cocina,275
elder,274
ello,266
elsa,258
segura,257
socials,254
elon,253
quebec,237
claude,237
espacio,231
joan,230
amb,229
castillo,228
eres,227
camino,223
elise,221
trabajo,217
dinero,216
bonita,215
stockholm,215
pero,213
occ,212
publicidad,205
muy,205
producciones,201
aprende,201
tots,193
comunidad,190
eso,190
domo,188
desarrollo,188
corona,187
colegio,185
ciencia,181
ventas,181
buena,179
elias,178
comprar,176
productos,174
elaine,173
nuevo,171
accesorios,169
elisa,169
deja,166
ahora,161
joanna,160
venda,159
ciudad,158
elek,157
mujer,156
cero,156
tko,155
eliza,154
madera,153
quiero,150
nueva,149
venta,149
destino,148
finesse,147
julio,147
seva,145
vigor,145
mujeres,144
yss,144
esto,142
elc,138
elia,136
activa,133
ngo,133
finca,132
juegos,132
climat,130
pintura,127
creo,126
mejores,123
ayuda,123
campos,122
sobre,121
puesto,121
puerta,120
estrella,119
esd,118
ambi,117
libros,116
premios,115
fidel,114
chica,114
esencia,113
yvonne,112
marcas,111
calidad,111
horas,110
asta,110
arquitectos,110
bueno,109
pueblo,108
fuego,108
cambio,107
elen,107
casi,106
gust,105
buen,105
joanne,104
ysl,104
otra,103
albuquerque,102
alimentos,102
elio,101
elvis,101
cuenta,100
lass,100
genial,100
elmo,100
jornada,99
ansiedad,97
madre,97
casita,97
esperanza,96
ingreso,96
residencial,94
cortes,94
buenos,93
regalos,92
consignment,91
imagen,91
desde,91
conquista,91
relation,90
vivir,89
elem,88
prueba,87
cortex,87
sequence,87
elba,86
eld,86
interact,86
siempre,86
elmer,85
euros,85
elden,84
estes,83
esoteric,83
elie,83
aprender,80
elt,80
joven,80
clases,79
fuentes,79
quez,79
antigua,79
concurso,79
clar,79
barrio,77
acero,76
hermanos,76
carrera,76
frio,76
maca,75
elz,74
descuento,74
condor,73
ciclo,72
regalo,72
directo,72
compro,72
hombre,72
noche,71
crear,71
jaro,70
grupos,69
nunez,69
libertad,69
cosas,68
largo,68
ytd,68
fuente,68
yyds,67
universidad,67
magnificent,66
animo,65
anuncio,65
activo,65
contigo,65
lugar,65
nuestra,64
elvira,64
amba,64
domicilio,63
culos,63
cabos,63
amble,63
aprendi,63
ticos,63
loser,63
herramientas,62
eloise,62
tiempo,62
coronado,62
tener,61
datos,61
fuerza,61
obr,61
elco,60
clave,60
ambassadors,60
elders,60
practica,60
elton,60
merca,60
castell,59
elim,59
certa,59
cuerpo,59
elgin,59
otro,59
totes,59
viajar,58
elv,58
hermosa,58
trinidad,57
enca,57
juego,57
fines,57
estacion,56
cuento,56
exclusiva,56
letras,56
elif,56
dolores,55
elina,55
calle,55
precio,55
toca,54
dels,54
corpora,54
bonito,54
slav,53
ydc,53
ambience,52
donde,52
avanza,52
posicion,52
hacer,52
aguas,52
origen,52
sonido,52
deporte,51
concret,51
chicas,51
elb,51
eliz,51
claud,50
escala,50
serio,50
cuatro,50
promociones,50
doble,50
coos,50
tard,49
lengua,49
yydstxt,49
elbow,49
elves,49
puntos,49
quet,48
ambrosia,48
cristiana,48
costas,48
eliana,48
centrale,48
culver,48
joann,47
loes,47
cinc,47
elva,46
secretos,46
losing,46
tengo,46
contacto,46
creole,46
habla,45
verdad,45
certificat,45
mucho,44
elopement,44
precios,44
libres,44
placa,44
elza,44
casco,43
emprendedores,43
bajo,43
elian,43
queso,43
ganar,43
despertar,43
justicia,43
ambrose,42
elca,42
esquire,42
usuario,42
proxima,42
elsie,41
complet,41
nuevos,41
novedades,41
elodie,41
limpia,40
dins,40
eldo,40
esra,40
tendencia,40
volver,40
enlace,40
guitarra,40
clase,40
yel,40
joana,39
pues,39
ybor,39
colores,39
elam,39
ambar,38
elta,38
brazos,38
caldera,38
yello,38
filament,38
elora,38
yixing,37
fons,37
caliente,37
elis,37
febrero,37
sociedad,37
diaria,37
elation,37
elex,37
altura,37
queenz,37
juventud,37
quette,37
elven,37
descarga,36
sociales,36
volve,36
cargos,36
haga,36
queries,36
ambu,36
eln,36
encanta,35
responsable,35
cabeza,35
cuentas,35
conejo,35
colectivo,35
encuentro,35
cual,35
pels,35
gallegos,34
elemento,34
ambit,34
fronteras,34
hijos,34
dulces,34
verano,34
completo,34
ambre,33
espo,33
personas,33
creando,33
rango,33
nuestro,33
eses,33
elx,32
llamas,32
mariscos,32
parejas,32
esquivel,32
otero,32
aldea,32
cambios,32
medio,32
hecho,32
eloquent,32
serco,32
conmigo,32
navidad,32
losi,32
lobos,32
condicionado,32
sitios,31
fuerteventura,31
padres,31
vuelta,31
yhs,31
paredes,31
ycee,31
completa,31
arriba,30
peque,30
elbert,30
hace,30
motivos,30
yydscan,30
yld,30
detalles,30
contrato,30
elvin,30
yma,29
acciones,29
encuentra,29
infancia,29
citas,29
perder,29
estrellas,29
iglesias,29
caminos,29
comodo,29
islas,29
barrios,28
aprendiendo,28
camarillo,28
quell,28
perdido,28
suerte,28
confianza,28
elda,28
creador,28
ellsworth,28
pantalla,28
entradas,28
elac,28
elohim,28
cabello,28
silos,28
ascensor,28
crecer,27
cata,27
felicita,27
palabra,27
estoy,27
resales,27
terraza,27
primero,27
ellington,27
elph,27
imagenes,26
fiestas,26
elbi,26
elbe,26
ayudas,26
ellos,26
portillo,26
ells,26
promocional,26
ambien,26
elective,26
silencio,25
elyon,25
mismo,25
tasca,25
alamos,25
passos,25
elok,25
cerrado,25
elmira,25
eling,25
hermoso,25
pater,25
losin,25
sonrisa,24
buenas,24
estudiar,24
tanto,24
extraordinar,24
comerciales,24
sarmiento,24
promet,24
casitas,24
elos,24
extremo,24
yro,24
ambo,24
piedras,24
cadena,24
cumple,24
estancia,24
lluvia,23
ambika,23
ellio,23
elana,23
comox,23
gracias,23
elvi,23
elwood,23
bonitas,23
poconos,23
molten,23
entrada,23
elson,23
naturaleza,23
felicidad,23
anillo,22
juvenil,22
ytc,22
conferencia,22
elane,22
vaquero,22
loso,22
lugares,22
martes,22
queendom,22
absoluta,22
coherent,22
tabla,22
usuarios,22
salida,22
elman,22
corrector,22
elfen,22
sentido,22
losers,22
queijo,22
ambler,21
pareja,21
hijo,21
queda,21
unos,21
perseverance,21
vacaciones,21
unidad,21
claudette,21
ellipsis,21
terrazas,21
concepto,21
ysb,20
charla,20
molt,20
promesa,20
resistencia,20
yter,20
universitario,20
colombiano,20
abierto,20
yqs,20
conjunto,20
explica,20
posiciones,19
actualidad,19
promete,19
losco,19
ellin,19
radica,19
granados,19
finess,19
elsy,19
raggi,19
siglo,19
efecto,19
actuate,19
castellanos,19
conoce,19
dixit,19
elize,19
disfruta,19
elling,19
tenens,19
misiones,19
consigue,19
otras,18
coas,18
lunes,18
sonrisas,18
diferencia,18
lassi,18
elles,18
elizaveta,18
quesada,18
palabras,18
mirar,18
lleva,18
ypd,18
queers,18
junio,18
elvie,18
cavalcante,18
elated,18
pasos,18
metros,18
logro,18
habitacion,18
quente,18
ellia,18
barcelo,18
elizabet,17
sangre,17
tablas,17
reflexion,17
coste,17
quien,17
saltillo,17
cuanto,17
vasconcelos,17
yse,17
yov,17
desarrollador,17
actitud,17
feia,17
aleix,17
actua,17
detalle,17
tiene,17
saluden,17
conqueror,17
lectura,17
dxa,17
quede,17
coronavirus,17
cicle,17
nosotros,17
dicen,16
encantado,16
plec,16
cumpleanos,16
losses,16
elfa,16
perodua,16
hermano,16
integrat,16
poner,16
madri,16
gallego,16
blancos,16
concierto,16
traductor,16
tempora,16
esss,16
esos,16
behin,15
actividad,15
nuevas,15
recuerdos,15
elga,15
yendo,15
rhan,15
realidad,15
costes,15
elop,15
ymir,15
cazador,15
elote,15
cuando,15
elfy,15
elfin,15
evit,15
arranca,15
elmont,15
culliver,15
rescate,14
lejos,14
distancia,14
alencar,14
hacia,14
laquer,14
sigue,14
abrazo,14
aniversario,14
tareas,14
yalta,14
adelante,14
esce,14
familial,14
ambrosio,14
casos,14
loses,14
ambani,14
oblig,14
pleno,14
assumption,14
sabes,14
pregunta,14
fuengirola,14
elgato,13
cuadrado,13
ellipse,13
hablando,13
losh,13
tenia,13
perfecta,13
lacer,13
escucha,13
ganador,13
alturas,13
previa,13
ambur,13
llega,13
barricade,13
qued,13
ellas,13
elbaz,13
querido,13
cabrio,12
elvan,12
fabricate,12
maravillas,12
sencillo,12
probar,12
porco,12
ellora,12
elenchufle,12
propia,12
actuarial,12
eloquence,12
elida,12
ruido,12
preciosa,12
elance,12
dijo,12
escalate,12
tenemos,12
metres,12
lasix,12
elum,12
ambie,12
yte,12
argentinos,12
elmore,12
barcelone,12
punts,12
elexbet,12
piensas,12
maravilla,12
postres,12
ybn,12
camillo,12
culvers,12
independencia,12
quester,12
europeo,11
caridad,11
mezcla,11
podes,11
referencia,11
orgullo,11
culs,11
coronas,11
estudiantes,11
abajo,11
quezada,11
conocer,11
respuesta,11
locura,11
nadie,11
creatividad,11
magnific,11
hermosas,11
gillard,11
relaciones,11
anterior,11
directe,11
cambiar,11
queues,11
unha,11
varios,11
cocinar,11
comisiones,11
tiempos,11
yhys,11
eldar,11
elvia,11
combina,11
plantillas,11
encarnacion,11
buenaventura,11
quiere,11
elsinore,11
llena,11
yuurewalds,11
ytf,10
puede,10
permiso,10
peticion,10
meses,10
deben,10
elss,10
ellan,10
coax,10
mellor,10
ambos,10
yxl,10
varias,10
acorde,10
ctos,10
izana,10
querida,10
rostro,10
ysf,10
ambbet,10
calles,10
elotes,10
hechos,10
puedes,10
ambers,10
ybarra,10
nolasco,10
anuncia,10
ysge,10
enero,10
elele,10
quieres,10
pueblos,10
losier,10
actuator,10
claver,10
dineromarzo,10
cortar,9
enrolment,9
divertido,9
felicitas,9
fuegos,9
vaqueros,9
siento,9
saluda,9
llegar,9
elizondo,9
ambking,9
remedio,9
hermosillo,9
funciona,9
yfd,9
elani,9
morir,9
suelo,9
duenas,9
siente,9
eltz,9
pendientes,9
barcelos,9
ambs,9
playas,9
lasr,9
buendia,9
eldora,9
marchant,9
decir,9
pocos,9
concentra,9
lozada,9
yhrs,9
elsayed,9
situa,9
elago,9
esoterica,9
estos,9
eschaton,9
lobes,8
pleco,8
ambe,8
elad,8
eled,8
yfr,8
semanas,8
hores,8
yoooo,8
xzg,8
vaig,8
regla,8
conversaciones,8
mueblestv,8
elvina,8
culdesac,8
adjudicator,8
yde,8
yzg,8
elster,8
remos,8
ayudame,8
olvida,8
maravillosa,8
contrac,8
nuestros,8
nuxe,8
ydo,8
ejemplo,8
aguayo,8
mercosur,8
corrientes,8
porque,8
ruidoso,8
elyn,8
sorprende,8
vuelve,8
marcha,8
octubre,7
mitad,7
canciones,7
peligro,7
claramente,7
elna,7
natividad,7
portillos,7
losc,7
zeina,7
vrh,7
coses,7
elmina,7
cancion,7
hablar,7
elahi,7
elrond,7
curses,7
utilidades,7
lassiter,7
muyi,7
claudie,7
apostate,7
calientes,7
propuesta,7
viernes,7
necesitas,7
empieza,7
magnificat,7
precioso,7
recomendado,7
lodes,7
volumen,7
ellice,7
horison,7
perot,7
totalmente,7
ambiguous,7
elland,7
debes,7
elgon,7
enamora,7
haciendo,7
ysx,7
compromiso,7
losa,7
eldest,7
carreta,7
comprendre,7
elso,7
claves,7
antiguo,7
quess,7
elld,7
competencia,7
loski,6
lanzamiento,6
llamada,6
elston,6
ambleside,6
elion,6
quieras,6
rompiendo,6
elh,6
elric,6
costanzo,6
ytx,6
otros,6
elpida,6
veces,6
hablas,6
esdras,6
compren,6
sequencer,6
lasd,6
ambon,6
batalla,6
ydx,6
sigan,6
cabella,6
aguadilla,6
pocas,6
pelco,6
hacemos,6
eldorado,6
elfie,6
interesante,6
chicane,6
primeros,6
yxs,6
hogarth,6
unoslot,6
elude,6
ambigu,6
mocambique,6
laso,6
vemos,6
pasado,6
queent,6
necesita,6
ydsc,6
yulee,6
elrod,6
losser,6
recomienda,6
barranco,6
elbows,6
actualizar,6
muchacho,6
ysd,6
comon,6
supoterx,6
ambivalent,6
eliseo,6
muestra,6
perfectos,6
ydcai,6
ydyios,6
deaislamientodetecho,6
zonasucursal,6
ysabel,6
gustafson,6
yiss,6
acuerdo,5
elate,5
escena,5
imposible,5
lenguage,5
ejercicio,5
ambrosius,5
verdadero,5
llegan,5
acabe,5
icas,5
casillas,5
sevastopol,5
discursive,5
otrat,5
tienes,5
wrth,5
eliasson,5
limpiar,5
mucha,5
paracel,5
ambiguity,5
mueblesbano,5
ambode,5
semanal,5
correoempclro,5
exigent,5
ysidro,5
ionesco,5
muerto,5
conociendo,5
carretera,5
pimiento,5
cierto,5
abrazos,5
corded,5
alguien,5
quenn,5
ylo,5
nuestras,5
escenario,5
hacen,5
implicate,5
elata,5
elmbridge,5
apartement,5
aviat,5
llegando,5
meva,5
hemos,5
espectacular,5
disponibles,5
juicio,5
sesiones,5
vayas,5
bienestar,5
horie,5
elide,5
recuerdo,5
supuesto,5
ellc,5
espero,5
mesos,5
actuar,5
queued,5
vejledning,5
tersedia,4
carrero,4
hoyo,4
llevar,4
losse,4
dinerofebrero,4
estacao,4
ganadores,4
existencia,4
recibir,4
queima,4
yfx,4
edox,4
ambling,4
playaz,4
perfector,4
conceives,4
segure,4
hablamos,4
cax,4
ypl,4
geniales,4
anys,4
multitudes,4
consigo,4
yxlm,4
elliptical,4
estrena,4
comoros,4
yxf,4
noviembre,4
spanyol,4
paisajes,4
muchacha,4
clasificadosyanuncio,4
tienen,4
muertos,4
serios,4
minuts,4
mapadeinnovacionvasc,4
gaudino,4
lasalle,4
tremendo,4
negocio,4
enamorado,4
compartir,4
gaticosalcanizanos,4
dinsmore,4
ysssamachy,4
quebecois,4
ambot,4
elliptic,4
actualiza,4
elics,4
problemas,4
elderflower,4
yicai,4
comiendo,4
losten,4
maravilloso,4
dedicat,4
dudas,4
elecciones,4
elfish,4
muebles,4
elims,4
perona,4
muyo,4
negocioonline,4
chaldean,4
rectification,4
saludos,4
yme,4
sevani,4
ambedkar,4
lassies,4
creon,4
cervezas,4
descansa,4
resulta,4
ellesse,4
escuchar,4
puedo,4
invierno,4
losmultirritmicos,4
ciondegoterasdesota,4
eligh,4
europea,4
descansar,4
lascivious,4
riqueza,4
prioridad,4
yci,4
adjudicate,4
haces,3
acorda,3
consejosyconsejos,3
existencial,3
creado,3
ambivert,3
chicana,3
recetas,3
cabecerocama,3
elderberries,3
clavell,3
rectangles,3
volvere,3
rescind,3
quezon,3
sporligtv,3
ambc,3
tarda,3
delsu,3
tconecta,3
selos,3
yths,3
eluga,3
losari,3
elona,3
entiende,3
scions,3
seguranca,3
directa,3
recibe,3
explication,3
ellise,3
muebleslufe,3
falso,3
cabell,3
llamar,3
conquers,3
actuaries,3
pendiente,3
elspeth,3
carreras,3
elysa,3
postre,3
anexo,3
kardinal,3
unhappiness,3
perfeccion,3
recuerda,3
sentimiento,3
comienza,3
incluido,3
conocido,3
alrededordeadams,3
cadenas,3
ofrece,3
desastre,3
amberley,3
libertadores,3
ystrad,3
finales,3
yide,3
desdemona,3
entonces,3
brincando,3
amendespaiementgouv,3
eldomen,3
eloping,3
paraelcrecimien,3
zeinab,3
ypsen,3
delante,3
manzanillo,3
yeeee,3
ypres,3
determinate,3
eldercare,3
negociolotado,3
quercetin,3
hagas,3
disfrutar,3
ellon,3
esrc,3
parlez,3
siguiente,3
apertura,3
descriptor,3
secuenciartetv,3
saludable,3
rejuvenecimientopara,3
elbit,3
respeto,3
fincas,3
audiencia,3
dades,3
luchador,3
elano,3
nensi,3
condolence,3
lossy,3
elronco,3
coladas,3
barceloneta,3
aprendizajevivo,3
reparaciondepuertas,3
amberle,3
tothom,3
diciembre,3
escuchamos,3
yters,3
ellipses,3
yznds,3
ambuja,3
acto,3
casiopea,3
yisroel,3
portalfacilidad,3
esfrsrl,3
cortazar,3
fueler,3
osasuna,3
amenaza,3
yydscf,3
moltres,3
amberly,3
elotero,3
muchachos,3
muyun,3
frecuencia,3
aquel,3
ysmes,3
apuestas,3
affablyitxofttech,3
elllll,3
yldc,3
permeabilizacionesy,3
jtultilidades,3
bracero,3
yconfeccionesdanitza,3
elkie,2
elconocimien,2
conviene,2
yyzs,2
yitao,2
ambria,2
yscs,2
reciente,2
elcobertizo,2
hubdesostenibilidad,2
aldos,2
suspence,2
paraciondeimpresoras,2
elto,2
delsin,2
loscienmontaditos,2
yduc,2
saliendo,2
ysfc,2
estudiando,2
dejar,2
ypldvo,2
acord,2
bendiciones,2
yzgs,2
planta,2
elpis,2
entreaty,2
alquilerdefurgonetas,2
nensei,2
aleducacional,2
cienciadiaria,2
elons,2
eltaller,2
jueves,2
recomiendo,2
verificacionesswvtv,2
ysfm,2
yben,2
callendar,2
secuenciarte,2
ambrella,2
elhjalpennorden,2
quesnel,2
apoyomutuopsicologia,2
lasgonflable,2
elsik,2
ambw,2
elmers,2
loada,2
saludybienestar,2
principales,2
ysmir,2
eloho,2
efectos,2
operadorb,2
yssl,2
elctricaltb,2
ysrcp,2
aprobado,2
entrees,2
deferent,2
abogadodeinmigracion,2
perfectoo,2
franquicias,2
ambmaesquerra,2
socios,2
carcosa,2
elhocuinealazaoui,2
mostrar,2
cotizandoviajes,2
ambehae,2
actuators,2
ambiguities,2
idad,2
esed,2
ellaspa,2
casavacacional,2
emprendedor,2
gakak,2
iguala,2
lasfr,2
llamado,2
encantan,2
sitioesdecenc,2
upagenciade,2
alquilerdelavadoras,2
consejodebeneficios,2
evitar,2
elpuebli,2
quec,2
barraco,2
cardillo,2
prendimientodigital,2
yton,2
ellona,2
mueblesgijon,2
espanyol,2
aciones,2
quesadillas,2
armariosneumaticos,2
krogutbildning,2
rillodelospolvazares,2
catalans,2
conductors,2
ytzsgc,2
proximal,2
elbaladona,2
lasas,2
saludo,2
temescal,2
trabajaconia,2
edificacionesvaldeon,2
yychen,2
essolareses,2
trencarelsilenci,2
callejon,2
cxzg,2
algun,2
normas,2
electives,2
habilidad,2
losee,2
muyanmimarlik,2
patinetecertificado,2
siguetuenviocorreos,2
xperiencia,2
pamyatgeroev,2
correoss,2
alquilerderaquetas,2
alquilerraquetas,2
amboseli,2
enamorada,2
elphinstone,2
estacoes,2
posterior,2
sevaghoca,2
elavator,2
muchos,2
elbar,2
eletroteixs,2
guste,2
elsbeth,2
yssm,2
sigui,2
paraciondeexcavador,2
reconstructor,2
yswyxs,2
comienzo,2
muying,2
supermercats,2
pierdo,2
ytre,2
proximate,2
abacigualtatdegenere,2
yuxi,2
ahorro,2
alquilerdisruptivo,2
vocacional,2
plagues,2
artesanal,2
excavacionesjoiz,2
coronated,2
elfrid,2
resultant,2
sostenibilidadlatam,2
sevariedadesy,2
ysfiratalyans,2
elra,2
ustedes,2
queefs,2
espacios,2
publicar,2
fraganciasyaromas,2
clavel,2
sentimientos,2
eldiot,2
empezar,2
replacment,2
tucerrajero,2
ambet,2
yffs,2
llamame,2
ydbs,2
reiterate,2
yuretomo,2
elizabethton,2
ciones,2
elclub,2
elizalde,2
reparacionesexprees,2
esdentariosbrazil,2
tasleotuakak,2
elizabethan,2
eltamd,2
yaaaaa,2
widad,2
asistenciavehiculo,2
limpiezadesuperficie,2
seguroscarcaixent,2
fundacionshalix,2
orto,2
adiestramientocanino,2
losted,2
ycr,2
delsiglo,2
cocinasbc,2
zeino,2
ambpoker,2
otradnoetipografia,2
otradnoetipografiy,2
xxxtentacion,2
caminar,2
elxn,2
ysxs,2
esrt,2
ambidextrous,2
quent,2
yics,2
illas,2
llaman,2
feriasostenibilidad,2
elremzavod,2
muyunxiansheng,2
cualquier,2
ypx,2
mueblesfoyco,2
acabadosbarrantespty,2
ysrenerji,2
muye,2
lossburg,2
llegaron,2
preguntas,2
elmos,2
ambavc,2
esoo,2
yic,2
queef,2
sientes,2
yloan,2
barcelon,2
ysdal,2
elphick,2
encargar,2
incondicional,2
cionesdegoterasdesot,2
ambarella,2
aseguranzaen,2
excercises,2
elwes,2
elosworld,2
ytur,2
bitcocao,2
elofizetesitearea,2
elve,2
doblest,2
desenvolupamenthuma,1
losobjetosmascaros,1
parroquiadetrujui,1
franquiciamaxidiez,1
facileducacional,1
coronal,1
elconcesionarioam,1
limpiezajardineria,1
yshr,1
asistenciaremotapc,1
jiacaiguangbanfrp,1
educartebrinquedos,1
yiaotec,1
tenimientosdei,1
idadgarantizada,1
clutamientoeintegrac,1
accesosbit,1
cocinandofacilysano,1
idadaniel,1
acionesyreparaci,1
estestinactiveslot,1
aprendeyemprende,1
alhoraaksesuar,1
alquileresyvetas,1
ambrown,1
ametlleszanoguera,1
svacacionalesteques,1
cixcorporacionsac,1
dsatxews,1
dichotomies,1
elonx,1
elsawy,1
esscentialsco,1
febrerodinero,1
galinciausuariios,1
hfdsatxe,1
limpiezasmv,1
limpiezasborbujas,1
queimatotal,1
ypupuserialosveliz,1
reparacionderefriger,1
elijo,1
sbmconstruccionesy,1
lucionesluminicasym,1
elpichon,1
llegado,1
vueloengloboaero,1
idadjom,1
mueblesdediseoted,1
muywfu,1
ypcyt,1
elhf,1
elkot,1
ymue,1
muyanebizleode,1
consignado,1
muchas,1
vecinosporsanse,1
laspezidlu,1
usrios,1
lloct,1
ubicacion,1
ciaempresesenlinearg,1
galrciaempresesen,1
ejercicios,1
fuexc,1
ycdx,1
yzgco,1
eldvenef,1
elcup,1
yusgulan,1
yfop,1
yxwdojss,1
muyikojggdd,1
etiquetasparamarcar,1
ydlxsf,1
lastik,1
elpalazuelo,1
ygioyd,1
aunque,1
elconsejooportuno,1
elmaleante,1
derechosanitario,1
oysensibilidad,1
elrinkoncitoperuano,1
derecha,1
muyibaoli,1
eldesvandematusalen,1
quals,1
sdeamorligamientosy,1
escuchalo,1
losviajesdetod,1
rehabilitacionesccip,1
ysgo,1
emprendedorasx,1
ycye,1
impuestos,1
ambervista,1
alcivarasociados,1
bordadosyconfeccion,1
yiqdose,1
correos,1
cursofraldaecologica,1
elarmariodezoee,1
elexagerado,1
elquinielero,1
elshafie,1
enlozadodebaneras,1
espaipolvori,1
ciondediscapacitados,1
gallegame,1
ycon,1
jgoasesoresdeseguros,1
lasdiligenciasllc,1
mueblespacios,1
muyehouhuayuan,1
tejidosyhogar,1
elgiardelitos,1
xnaquestoy,1
xntzadoa,1
yldf,1
ysimaesjord,1
yzsspyxgs,1
eloan,1
lasfosassepticasnexa,1
vwyfrepuestos,1
ycomieronperdices,1
yport,1
yurlen,1
snabbupplysning,1
cuadros,1
ypee,1
ambrane,1
ycoin,1
ellicorrizadcionaoti,1
ytdm,1
ytdp,1
quiaaojantarmanjardo,1
muyidh,1
ymaleb,1
ybdazs,1
ybior,1
sdtxecagf,1
ambefoke,1
ambgghfc,1
ambruehlbach,1
yintern,1
ilitacionesbizkaiben,1
ysdmzfz,1
elpeixalplat,1
losmoraosdepliego,1
iariosadaptadospvc,1
posablicidad,1
elpueblitoakumal,1
ylpt,1
ymao,1
yzzs,1
elevedesenvolvimen,1
eltexate,1
ynavegacion,1
evasioviatges,1
alquileresordaz,1
loas,1
pisosyrevestimientos,1
almacenalvalac,1
alquilerdecarrosenja,1
marresendulzamientos,1
pisosdeoportinidad,1
sagotchartres,1
recetaslicuadas,1
renovacionsocials,1
vouglftxohkcuu,1
esada,1
nansolucionesnuezkub,1
elagecarrosserieb,1
ytndee,1
yvieronnie,1
yxiotdg,1
nexidadobinarciendoe,1
queres,1
losen,1
pruebascovid,1
elongate,1
cnempresane,1
pierdole,1
febrery,1
seguritysoport,1
elconstrcuction,1
reclutamientozona,1
xnasociacionsueo,1
altras,1
casis,1
loaventasconscientes,1
cocinacasera,1
iospsicologicoscl,1
creacionesact,1
elcarritodelemuu,1
elcipitiopupuseria,1
ellies,1
espai,1
fundacionequidadfe,1
hacedor,1
etiquetaserotulosl,1
mueblesusadosdemarca,1
obsequioos,1
laguelaguetzallc,1
practicar,1
ycouxci,1
comoemagrecerrapido,1
tenimientocosesal,1
elnql,1
tecnologica,1
laowangmaigua,1
yzxyyds,1
akoclci,1
ytdg,1
ysxozs,1
quieren,1
lasxfordbiosalolrif,1
elcevaz,1
yzgcx,1
ydzxs,1
descensodelsellacano,1
licaishipeixun,1
elcilindro,1
gustos,1
cuantos,1
ytcglx,1
ycydcn,1
elmasajeador,1
elionoranzefunebri,1
negociodepele,1
alquilerpiso,1
afroemprendimientos,1
losviverosd,1
alquilerdetrajesmr,1
alquilervacacional,1
conaculvanatorului,1
devocionalesdiarios,1
ponibilidadpasaporte,1
elettrautogiacomofru,1
elpejuegoriodico,1
elpejuegriodico,1
elpejueriodico,1
elpejuriodico,1
elpoint,1
fundacionsaulrosi,1
jamconsstruccionesrl,1
lasells,1
lasrejeoxcw,1
limpiezasneteco,1
molting,1
sanacionvibracional,1
tarjetacenccosurs,1
opoprisiones,1
piettezillo,1
cionesderefrigerador,1
quetion,1
ysbud,1
romahconstruccionesy,1
ytfxjem,1
seketxe,1
tkobuilders,1
ycavapoospups,1
uniendocuerdas,1
xiupeixss,1
yussbisnis,1
eginychth,1
ysur,1
querendo,1
yxtxtc,1
apoyotecnicomx,1
elsparkcykel,1
aguan,1
mowutveckling,1
saludybueneforma,1
yslg,1
accesibilidad,1
claublur,1
eldjdnx,1
horikan,1
otorgar,1
elzzcrlpca,1
elbv,1
sercer,1
muyge,1
elunfx,1
ydeuxae,1
yuoss,1
yfdxo,1
yxjscn,1
juegoscarros,1
muyinghuzhu,1
yensaovn,1
opuestos,1
elsaseguierfauc,1
alquilervacacion,1
yensaotuoicaocap,1
lubrirepuestoselinca,1
evoluciona,1
excelenciadecoracoes,1
ycrcocy,1
atucuidado,1
abravomurillo,1
eliasbaezalcalde,1
elnegociodelas,1
elofizetoujra,1
errotaogitegia,1
jlsolucionesde,1
kreaciones,1
lasconchas,1
losal,1
mobilidadsostenible,1
nuevaconstruccion,1
diciendo,1
piezasdecaucho,1
sonador,1
tiendaslas,1
tupreparacionalpar,1
tusrepuestos,1
nuevasonrisa,1
ybecx,1
ydof,1
ymovies,1
yufeiguo,1
zapatosde,1
llocin,1
yissfe,1
confiarsolucionestu,1
loscedrosb,1
recompensa,1
estrenan,1
elofizetoifiok,1
cocinandoaunclic,1
lasm,1
mueblesdecocina,1
yutciocn,1
fundacionall,1
sonirremplazables,1
impresoras,1
elctrotec,1
losmolcajetes,1
ysus,1
lassier,1
muyjmrr,1
yzusdenhn,1
tardent,1
cepillodedientesde,1
abilidadempresas,1
abilidadempresasqs,1
ydece,1
ydacvilb,1
llogueresquiportaine,1
elneurlsplaspik,1
ycycqs,1
congrads,1
julios,1
caboclo,1
julion,1
yicaicai,1
alquilerdespachos,1
yixuds,1
iestramientocanino,1
ventadefrutasyverdur,1
mueblescima,1
tenimientodelgolfo,1
sdmaiguanyan,1
pvrsolucionesderiego,1
elnor,1
yuxs,1
oteccapacitacionesch,1
muyangren,1
yjjs,1
agrariasimionesrl,1
alquilermuros,1
ambbo,1
ayudastecnicasysalud,1
cascosdebici,1
clasesesquivalde,1
creacionesplatag,1
cuentosdecocuyos,1
cursobesidadnn,1
daotaolaixengocson,1
dibujosotakus,1
esguerra,1
elaboracionesartesan,1
elabuelodepiqueras,1
elborregodebunuel,1
elcoleccionistade,1
elgrullensejal,1
elnenidelasmotos,1
eltrompoperuanomex,1
entrenadorcuantico,1
paseocorverafmas,1
necedoresverificados,1
gsinspeccionesdica,1
gsinspeccionesndica,1
muebleslb,1
jovenazoinmobiliario,1
kiscocalzados,1
licitacionesysubast,1
limpiezasferbel,1
llsolucionesmoviles,1
logiacaridad,1
loshuastequitos,1
muntatgesgrau,1
muygret,1
perolez,1
puertasseccionalesen,1
quiendescubrioel,1
cionesdepanelesdeye,1
lospotrillos,1
tiendascr,1
tratamientoaccumbens,1
ultilidades,1
ventanaalconocimien,1
vuelo,1
xnasociacionespaolad,1
ylfenc,1
yuccapsicologia,1
juliosts,1
eczematratamientos,1
recursoshumanos,1
ventasnegocio,1
yuxeji,1
elpablo,1
ysss,1
laskavasupervize,1
gvautxauth,1
sitioseguroaprobado,1
ytreazqsd,1
ejercicioysalud,1
plimientonormativo,1
ytroc,1
elconecta,1
febreroaprobado,1
yvfzs,1
estudiaeeuulatam,1
hogarpr,1
yegd,1
caixagerenciavel,1
yayiyrenhasetakoivc,1
yveszuerc,1
elpezquequisovolar,1
cionesdeingenieria,1
yftd,1
firsatgezegeni,1
ivocacional,1
lasolas,1
danzalolayarantxa,1
propiedadesadjudicad,1
guanyamuye,1
fumigacionesnissi,1
aburrimiento,1
muebleslinam,1
syespecializaciones,1
mueblesydisenos,1
elmunit,1
ambagus,1
ociacionshumagmicuy,1
caxax,1
mantenimientomx,1
equitacionvy,1
consejosymotivacion,1
creacionessreflejos,1
eficaciabr,1
elcisnepapeleria,1
elentroautomieten,1
eliaspeb,1
eloygomezlapieza,1
eltrasgudeponzano,1
endulzamientosamor,1
ambmdnpnggep,1
hymamoblamientos,1
lasespigassps,1
lenguajeconsciente,1
limpiezasdistribuci,1
evatusimpuestosaldia,1
luzxury,1
tenimientodlp,1
alguquerque,1
mcrbsolucioneslegale,1
gaudias,1
movilidadvaloriza,1
mueblesenmetaly,1
mujerimparable,1
gociacionesgiusseppe,1
esouzaadvogados,1
otrope,1
prtassistenciaeservi,1
ambrouka,1
tectotselscolectius,1
ysbu,1
ventasannypets,1
anciayseguridad,1
vigorbet,1
vivirenberrocales,1
vueloasequible,1
wcimportacionessaswc,1
ysvy,1
xnmecrepuestosebb,1
nmotorepuestosvialub,1
iosconpropsitos,1
ycxmscils,1
ypht,1
despertandooscaes,1
ambauto,1
mueblesentandil,1
elpalabreofm,1
ysyd,1
ytfd,1
fuerstolivarq,1
dchtxe,1
elatedm,1
elsnz,1
yfif,1
kodebiltegia,1
elenlazadordemundos,1
quevuelobara,1
envasadosaterceros,1
ahorrarluzygas,1
clasificados,1
qcruceros,1
excelenciainmuebles,1
mueblesenred,1
cuadrosfrik,1
jcrcomunicacion,1
elneuquino,1
elodielouzaouen,1
lgsolucionesy,1
hechizosyretornos,1
yantojitosoaxaquenos,1
xuntou,1
agrupacionesfrester,1
yevenesabogado,1
cortoct,1
queene,1
cazadorlane,1
alquileresfondosbuit,1
sobrato,1
asegura,1
gruposapa,1
ybrannon,1
ciclosnuevaeraestudi,1
cienciayesenciacauca,1
comunicacioneson,1
conciencia,1
conexaoemocional,1
congeladospescag,1
conocetufecatolica,1
consejosmenopausia,1
ioneseficientes,1
yfovfa,1
creacionestuli,1
cioneslas,1
elarte,1
elcosgadiel,1
elguicho,1
elhedoo,1
elixa,1
elsanto,1
entrenaemprendiendo,1
essllc,1
fondosur,1
gisan,1
nciasylinajes,1
joans,1
laseigneriederigaud,1
errazasdeazpitia,1
losantojitosnc,1
tenimientodeexcavad,1
oleosozonizados,1
recetasyfloripondios,1
nervios,1
seguroxapatinete,1
ocupacionalylaboral,1
sublimadoscubos,1
ybibliografia,1
verifica,1
intentar,1
yellohost,1
yfaxxzx,1
yhkvcio,1
ypos,1
yxsd,1
ztuzx,1
acoizznaquaoan,1
elternwissen,1
dgiigovdoimpuestos,1
alquilerpaginasweb,1
elabogadodelaley,1
tarjetasdeinvitacion,1
vosotros,1
elerutorientacion,1
losamarrespoderosos,1
elizarov,1
pautveckling,1
svenskutveckling,1
losaxou,1
elchismografociudada,1
yxsfmb,1
suspicions,1
ypxsidic,1
ydaf,1
ysez,1
ysdv,1
yxcxulm,1
aplicacionsweb,1
ambts,1
arquitectocelada,1
ambicaenggco,1
yslefz,1
ydztb,1
tejidosagrado,1
yslyzc,1
izquierda,1
nutrabioceutical,1
alquiler,1
muyazturizm,1
xingtipeixun,1
anelakosmetik,1
yckyzs,1
escobascepillos,1
saludapicola,1
ambcw,1
elnsivo,1
yutao,1
yanta,1
ycyt,1
calzadosprago,1
iculosconsorciados,1
encima,1
eloscorzos,1
cionesc,1
eltoyonal,1
maneras,1
hoytrabajosdeplomeri,1
ylonas,1
ayudandoalprivadode,1
beneficiosliniers,1
biackoakgrp,1
bodejatetxea,1
coherenciacomunicaci,1
cionesacorsil,1
cionesysolucionessel,1
destapacioneseltala,1
educacioncies,1
elone,1
elreyde,1
elteloenil,1
eltrucodelguia,1
elzarandeadosjc,1
ilizacionesdelbajio,1
estudia,1
excavacionese,1
yfollajestres,1
fumigacionestrejo,1
gereciadorempresacx,1
esdelos,1
novacioneshomes,1
jarritos,1
jedcimientos,1
klimaocupacional,1
lacteoslaqueseracr,1
limpiezafosasseptic,1
limpiezassemar,1
lojainteligencia,1
lospqnf,1
ambati,1
loquita,1
tenimientoyfumigaci,1
mgcutilidades,1
netegesdecomunitat,1
limpiezas,1
odrmaztzeaj,1
naizradasajtova,1
elcetrical,1
reclutamientouvc,1
sitiolondrinas,1
tecnireparacionesenc,1
vendemosyalquilamos,1
versiculosparalelos,1
ingresogalici,1
ytol,1
propiedadeslacorua,1
dydasesoresseguros,1
syencuadernacionese,1
saljutbildning,1
yultarticaret,1
xbetxocdia,1
solidaridad,1
saludglow,1
ysostenibilidad,1
elenmedvedeva,1
elenpozn,1
reccos,1
lomentos,1
arbevissnoskoter,1
cuadrosdecorativos,1
yduld,1
yjudz,1
melicita,1
cincture,1
saludybienestarhoy,1
algunas,1
fuez,1
laixecaodangnghekg,1
elofibrosis,1
ydas,1
ambicv,1
ydisenertt,1
puestoeclesialayuda,1
reflexiones,1
elvarillero,1
frecuencias,1
ymantenimien,1
eskola,1
eltrujaldelasbarden,1
amblr,1
descubrimientos,1
yuxinwaye,1
elmesondefuencarral,1
consejoneogranadino,1
ysxy,1
lluviasdebendicionsv,1
yxysyl,1
calleespada,1
caminoreal,1
quebecinc,1
agrupaciondemayores,1
ahorrosegurv,1
contestant,1
ambivalence,1
alojamientosvft,1
alquilergarantizado,1
cionesdeinteligencia,1
siguen,1
esoriasjuridicasmpd,1
ycomunicacion,1
berekotxea,1
horassos,1
vaparaemprendimiento,1
cionesyfortalecimien,1
dagartillpask,1
elll,1
idadnhainstalaci,1
elfe,1
elgozodelamaternidad,1
elodieescourbiac,1
elportico,1
eltlalocpa,1
yresiliencia,1
equipaciondevorolor,1
abierta,1
garantiapropietarios,1
gerencxacax,1
hechosdelahuasteca,1
lasoiree,1
limpiezasvacacional,1
limpiezatotalgdl,1
cantonment,1
losotros,1
crecimien,1
masalladeloturistico,1
esacerosyagregados,1
yorderrac,1
muysxfej,1
cioneseingeneria,1
premoldeadosroca,1
presupuesto,1
profundizandomieloma,1
quekuadernos,1
recibeloen,1
limpiezarocela,1
ysuministrosgyl,1
piserrecubrimientosy,1
tratamientosdorsia,1
verrillomotocrar,1
yfol,1
horassolu,1
xnoutletacessrios,1
ydydsspt,1
yhdzsmt,1
ymatou,1
ysmne,1
yisss,1
ycjoa,1
ycoz,1
ypls,1
netempresab,1
ysxbco,1
colaborate,1
ypxnt,1
limpiezastelvi,1
elbers,1
muynasmtvsder,1
elvennd,1
acionsedecochangasta,1
nubrezd,1
yueeusr,1
cienciatraslacional,1
ybxcids,1
solucionesm,1
ymaria,1
juliogestordetrafego,1
esmerad,1
elmalud,1
elgunel,1
ysod,1
ysxsfj,1
yslacdn,1
ciberseguridadmx,1
dendekaden,1
haceganmisircarsisi,1
ligacer,1
salvaescalerases,1
tratamientodepulgas,1
ylcs,1
esymas,1
convenes,1
uraciones,1
asistenciatecnica,1
yxxdezx,1
sostenible,1
claras,1
ycblxf,1
calleth,1
abogadoinmigracion,1
losche,1
alojamientopirineos,1
yicuomao,1
cumpleaos,1
objetivosaudavel,1
negocioesferico,1
mueblesmdeco,1
ydmf,1
elhuasteco,1
elcolmaditodegonx,1
poderiodezagra,1
cargasconectividadmi,1
calculadoradeacordo,1
caminoarroyo,1
terrazadelmar,1
eldoret,1
hermosos,1
actoncars,1
alojamientosalcosseb,1
alquilerdecamioneta,1
alquilerestrado,1
ambwin,1
ayudalnicio,1
ystacy,1
adeaislamientodete,1
construiccionesjir,1
iagerencialgt,1
creosimle,1
cuentalequeteconoci,1
efectivosiar,1
elcoa,1
elevaluador,1
elmozuelo,1
elnaj,1
elsitiodelempr,1
fincasargibide,1
franquiciasbelser,1
geniosenreparacion,1
alburquerque,1
aproductividad,1
esdentalesasequibles,1
jornadasaensegovia,1
losyenizeara,1
tenimientoenalturas,1
idadquetriunfa,1
mochilapedagogica,1
mueblesmontados,1
muyingzxw,1
palomerasdeetxalar,1
pruebamasac,1
elhx,1
paraciondemurossecos,1
saludocupacionallm,1
entiendes,1
solucionenelevacion,1
vecinosporvaldemoro,1
veriflcacionesvvtv,1
wujixendles,1
dxajac,1
lasciegrandvallire,1
ydmc,1
ymlx,1
ysbzsm,1
yterwea,1
elshanmusayev,1
eixd,1
euskalherrikoberriak,1
xnratgeberbcher,1
aguapurificadarios,1
emprendiendohoy,1
elegir,1
elprodutosdelimpeza,1
uskadifundazioa,1
reparacionlavadoras,1
yteruyteru,1
cursosycapacitacion,1
cocinaceroazzucar,1
recursoseducaciona,1
esite,1
vtvinfraccionesar,1
hogarhuamantla,1
limpiezadelhogar,1
muyquyta,1
asnoelakomstvo,1
yioskolsofosbuvir,1
ayudautveckling,1
elbilspaketet,1
kelfardigthusdalarna,1
debajodlsol,1
losuxuy,1
salquilercalidadpaqu,1
yxksss,1
ysfx,1
elkals,1
quewen,1
elsp,1
yingdonedo,1
xzvxzdfsadas,1
yslzs,1
yuss,1
amboi,1
paraelcrecimientodel,1
ambb,1
dibujosparacolorear,1
yflag,1
ytux,1
moltperparlar,1
yxkedaozs,1
tiangua,1
limpiezaslmp,1
vivirdetuconocimien,1
errazzevillorba,1
jovenesviajeros,1
lascelles,1
tuanduipeixun,1
buenmueble,1
lastella,1
camarasdeseguridad,1
parroquiasagrados,1
adoptez,1
elcykeldelar,1
eldomoterapeutico,1
paqueteria,1
yncxqx,1
ytkg,1
losrumberosmx,1
mpolarizado,1
limpiezadetanquessep,1
completamente,1
congruent,1
paseoterrano,1
adjudicacionesmex,1
afiliacioneslym,1
agrosoluciones,1
ahorroynegociogovvi,1
alargamientopeneano,1
alcanzartumeta,1
alquilerdebusesen,1
ambrejtmcban,1
arrendadora,1
esoresdesegurosltda,1
ambagioustrophobios,1
cioneshouses,1
creacionesemfas,1
crecimientollc,1
aciondevehiculos,1
elachmaroquinerie,1
edifica,1
elasemawelnas,1
elcasamientodetincho,1
elcerrahisiortopedi,1
elil,1
ellisville,1
elmarcodelcuadro,1
eloizeegiovanevao,1
elpapas,1
elpatio,1
elsazondedonajuana,1
eltianguisdeljuguete,1
hacebilgisayar,1
riaysolucionesdelagu,1
yregdom,1
comercioeservicos,1
lascosillasderubigex,1
limpiezasydesbroces,1
losinvita,1
losnidosdevalfrio,1
losxvdesofi,1
marcasconscientesaz,1
micomunidad,1
muebleslacomarca,1
repuestosla,1
nduestimulaciontemp,1
negociacionespaytiti,1
coincidirqueco,1
vilidadarticularcinf,1
segurequiyasociados,1
sutratamientoquiro,1
vacunatorioloprado,1
puntosdeconexinkvb,1
xnsinestreimiento,1
xntendnciasonlineunb,1
ysclcukzph,1
ysncolco,1
urreraegitekozornotz,1
elshadayekerekilaak,1
laspagan,1
elmarcofr,1
oymantenimientoseraf,1
debajo,1
educacionparaemp,1
nerviosa,1
queimaacelerada,1
aumente,1
unhaslucrativas,1
donar,1
arxiulleure,1
campsdaprenentatge,1
cambioscon,1
negociolucrativo,1
eldis,1
elmund,1
segurcaixaadeslas,1
yvids,1
yucrmtereshev,1
eltctrobigudi,1
macaorecepcionista,1
leida,1
elemp,1
elbautizo,1
mueblesnovendidos,1
yooooooo,1
ydlzg,1
mueblestorneados,1
uapcreacions,1
equipopedagogico,1
conozcamosacasan,1
cubrimientosmargolan,1
alquileroficinas,1
yzgsdq,1
elpelle,1
reparaciondecalzado,1
lasenza,1
ytciic,1
ykmd,1
ytfsclsb,1
curacionesdeheridas,1
ybzsfc,1
elviejociervo,1
ydzssc,1
elrodeo,1
loglnpoloneix,1
semillasfeminizadas,1
ydjys,1
limpiezasdechorli,1
destapacionesdpg,1
acionesalmacenes,1
cabezas,1
elactric,1
muyouxi,1
aguasolucion,1
avistamientogiralda,1
casamea,1
confeccionescotexza,1
convencioncs,1
yint,1
elafadeze,1
ecorcedesplantesdes,1
eldia,1
eldorzgebauderei,1
eloiredesvoiliers,1
elpen,1
eltostaderodelacibel,1
elvecindariopr,1
exhibec,1
frecuenciasatori,1
aciontejiendodelazos,1
hidrocarburoscentro,1
acionesvaesac,1
lascazuelas,1
llegue,1
pasando,1
loucasporberlloques,1
luzzylojas,1
molinoyfundicionsm,1
mueblesnu,1
mujerenplenituds,1
muyuanfuwu,1
nexiservizioavvisi,1
preciosbaratos,1
rotacioncero,1
osdeatraccionsubli,1
ymantenimientos,1
sitiovivirecarga,1
stenibilidadturistic,1
elwi,1
elsdestphannyz,1
xnnossavidadoceespao,1
yxlxrs,1
ybfszo,1
ylocu,1
yludo,1
ymlcm,1
cuentaspro,1
ykmc,1
frutosdelariqueza,1
playada,1
facillar,1
elmas,1
yfoe,1
actes,1
ejercicioscognitivos,1
iciogerenciaador,1
reducaoveiculos,1
losos,1
ernasoderkoping,1
quedt,1
ycdxc,1
ysgtsmyxgs,1
ysnjfs,1
eloqua,1
cuadrosunicos,1
ysera,1
loseit,1
segridadbanccor,1
ayuntamientotezonapa,1
encantas,1
ysad,1
ambagysacgs,1
elcnllea,1
simposiarxiusdart,1
ieducaciodequalitat,1
elrpswpd,1
elsiijhs,1
elzoerln,1
hlobzioa,1
noxxeixu,1
sdptxezc,1
ybnioelc,1
yclffsql,1
ylotiezc,1
ylyvexel,1
ymmcdldf,1
ysjidozp,1
ytvxdfzm,1
ycdlkncdo,1
ycecexc,1
ysyyds,1
losciruelos,1
vecinos,1
ypico,1
ydydcrm,1
recetasdesopas,1
yzztjss,1
yfcy,1
yueruic,1
dugunborsasi,1
yzgec,1
reproducciones,1
concienciakolectiva,1
vuelves,1
iadasbaterias,1
alquilerco,1
ysmm,1
stramientovalenciak,1
aguasdeipiabas,1
ahorros,1
alcaldeausente,1
alquiladoravaldos,1
horascarlosnilza,1
sdepreparacioncobaq,1
adeaislamientodetec,1
reparaciondecomputad,1
cionescepiblan,1
cionesjuvaluz,1
cuadrosdenacimien,1
cuadroterapeutas,1
laixec,1
ywebmoscr,1
elanticuariodurru,1
elsazonktrachova,1
elsidaloja,1
elcollaoperdizconrec,1
espacoentrelacos,1
lajonquera,1
fuegoycenizas,1
fumigacionesmorat,1
ganadoryminino,1
geometriadesdecero,1
gylsolucionestci,1
hmcalzados,1
honglepeixun,1
atxegrapcactinh,1
icero,1
personate,1
txaustia,1
riaymantenimientoco,1
elmhursts,1
mueblesdeterraza,1
mueblesescolarestapi,1
muyanuyda,1
evitor,1
proyeccionesdev,1
reconocimientosde,1
tiendao,1
tramitalo,1
gociodemanualidades,1
txaeheeg,1
sdealmacenamientosp,1
elcb,1
ysnoa,1
xnsadeequilibrada,1
ylfenv,1
yxydxc,1
yzdvinc,1
ehjaialdiak,1
uzkoakosagardotegiak,1
kontzertuakzurein,1
verificado,1
lasdfvur,1
consejodelosbasados,1
disponibilidaddes,1
saludables,1
elgannador,1
ambepuvi,1
elofizetes,1
elfullnet,1
acresclt,1
fumigacionesdech,1
parroquiagenova,1
elenka,1
ellips,1
nftgananciassbot,1
tenergo,1
elverktyg,1
matbeskrivning,1
queimagordura,1
ysckl,1
elbrus,1
pagament,1
yldv,1
yslavchevatomicsite,1
xarxaescolanova,1
enzapsicologica,1
xuntong,1
encalidadpedagogica,1
dissenygestio,1
esend,1
entreat,1
paciencia,1
qualexerciciofisico,1
ahorromueblespr,1
yuefengls,1
traprijevoz,1
abogadodeherencias,1
ybcszgc,1
yidefu,1
yzdprs,1
yztdxs,1
elrollizopetirrojo,1
pisocero,1
elte,1
yzgmfd,1
elcuranderoviajero,1
creacionesvang,1
activos,1
pesasmancuernas,1
resderiesgosyseguros,1
alquilerortopedia,1
tratgeies,1
elaceitedepagodelos,1
novesfoqux,1
razones,1
encuentrocicpc,1
vueltas,1
encantadocyn,1
paseopadre,1
loscaminosst,1
lomasazules,1
alquilereneldelta,1
alquilerlimusina,1
aluminiosypvcarges,1
rearosado,1
athorarijvi,1
autoconocimientoy,1
estarazteca,1
caminosdelser,1
datosdeproximidad,1
datosproximidad,1
cinecalidad,1
lasley,1
elhocicoseco,1
ellapisciniste,1
elpulteecuestre,1
elveleroazul,1
espaihoquei,1
excavacionestadeo,1
formacionespro,1
ypros,1
lassword,1
limpiezasw,1
limpiezasypulidosjos,1
lojaconvencional,1
losdesenfrenados,1
tenimientoindumex,1
muyunyz,1
quenci,1
ciutatderubi,1
orgullosa,1
peado,1
pisciculturafrutosd,1
precipitate,1
pruebafempa,1
quesosloscedros,1
seguimos,1
solonos,1
elizario,1
esejecutivosaw,1
lasvegas,1
dosycerramientosde,1
ventamasiva,1
alhostalanzotegui,1
ydyes,1
yezplefa,1
yschyx,1
ysdpxxt,1
ytae,1
ytxt,1
yzsd,1
elcubragistat,1
empaquesyaisalmiento,1
elfolletpanxut,1
elvaelevacion,1
nuevomundo,1
piezasdelrompecabez,1
posgradoeducacionuat,1
dacionsanjoseobrero,1
elizabethtown,1
xnflyttstdning,1
struktionsritningar,1
snabbflytten,1
svenskcykel,1
xnstllplats,1
losuxehez,1
ysdswc,1
ysldtuz,1
yclifexsxh,1
ysxzs,1
muyu,1
ymatz,1
yfarm,1
dfrdocaels,1
kptxaikoak,1
ytresdfgfd,1
vendreavecelietanel,1
ambest,1
losproximos,1
ycyfggzs,1
cioneshormigonarmado,1
mueblesrius,1
ytbcocuk,1
ytxfcgls,1
etiquetascodibarras,1
muyingzhijia,1
elpincelgrafico,1
procedimientosynorm,1
presenciahidalguense,1
segurinver,1
physostegia,1
excavacionesydemolic,1
dissenypirineu,1
lesgugusdeziak,1
rocos,1
ejecutivo,1
yszzsc,1
muyuesenl,1
ysyl,1
mueblestejidos,1
yregonpropiedades,1
fraestructuraybienes,1
aoportunitat,1
cuidaralcuidador,1
ysdfzbx,1
comotomo,1
evolucionsyngenta,1
dotacionesypuntadas,1
eljoyeritodepau,1
elcuenco,1
elmoda,1
elcamini,1
aislamientodetejados,1
aqueldiacoincidir,1
horasaguasclarasdf,1
ybezdepozytupl,1
servicioautomotriz,1
buscaconocimien,1
ysne,1
confeccionesdlucio,1
cioneslicollerena,1
cionesygruasmd,1
creacioneskaromi,1
creacionesmatilasas,1
creacionesnefram,1
yperfilespacientes,1
alquilerseguro,1
ywebcan,1
ejecutivaweb,1
ejerciciosenjava,1
elcolosomuebles,1
elidept,1
elohcin,1
elondrop,1
elpizoimpex,1
elrefranerodesika,1
elrio,1
elternverteiler,1
espacioencuadra,1
lados,1
hacerencasa,1
hortenciaedimas,1
izandu,1
conglomerates,1
lositochetogenica,1
tenimientodeaire,1
mueblescasapro,1
mueblesfeos,1
mueblesqueretanos,1
muyezvacea,1
muyiewbfinsudoniw,1
peocupaciones,1
reconocimientos,1
aciondepiscinasenval,1
limpiezaao,1
ynegociacionesaym,1
lnpoloneix,1
ventaszonasurmty,1
verez,1
wdsolucionesmoviles,1
loschalchalerose,1
domiciliooyb,1
esofa,1
xnmsicosselectos,1
xntaquerala,1
pdiseoypublicidad,1
xnzazboa,1
yxxsxxh,1
secundaria,1
elbuceador,1
vuxendejt,1
ahorrocon,1
alcaldiakukrahill,1
logrartusmetas,1
secando,1
fundacionco,1
elrion,1
yteplica,1
yvzdp,1
uniqutveckling,1
yixfeafe,1
ybns,1
ambbbcci,1
eludged,1
elteuespai,1
encuentresuviaje,1
felicitaciones,1
muyz,1
yescdi,1
elencantodeamueblar,1
cirugiaobesidad,1
esdetraficoabogado,1
ciudadesdigitales,1
jerosvalencialas,1
yxfalv,1
mueblesarteydiseno,1
logronocentroespolon,1
excavacionescuti,1
yegy,1
elmaestricogruas,1
esantecovid,1
actonroadacton,1
paseotranquillo,1
aguang,1
afectadosusurero,1
excusas,1
lmacenamientoilimita,1
alquilerdecarross,1
alquilerremolques,1
alquilertrasterosen,1
alzadosince,1
bracionesymetrologia,1
caliendo,1
cerramientosbefer,1
cionesdehormigonsa,1
cionesgabrimol,1
creacioneshuvik,1
esales,1
ejercicioclinico,1
elcasillerocr,1
elcmabioacadmey,1
elcuadernodezoe,1
estaba,1
elpozoalcorte,1
elpuntopandebonomjs,1
elpuntorelajante,1
elracodelonostre,1
emprendiendoconmgr,1
esoerotik,1
estacoesdebas,1
euskalartzainakameri,1
fumigacionesencd,1
gcmantenimientosy,1
lacionesbuiza,1
virtiendoenbienes,1
vitaciones,1
limpiezascoalba,1
losartan,1
loscostenos,1
tenimientodelnoro,1
negociacionesgamarra,1
elnoedlyagostinic,1
seriosu,1
hermanosca,1
tksguarrera,1
yver,1
vecinosdegualchoscas,1
ventage,1
verificacioneswvtv,1
cacionesprfesionales,1
rmdezelectricidad,1
escomsegurana,1
nlestylotendncias,1
horasreiar,1
xnpersonalizacinxob,1
yblservlces,1
yelled,1
ylcn,1
mesales,1
ysjs,1
ysnienrrr,1
ytreu,1
zcnse,1
muyue,1
elsrs,1
muebleslospacos,1
quedar,1
alquilerbarcoibiza,1
alquilerbarcos,1
idadconscientebyyeni,1
febrerpromomesavanz,1
decomputacionsedeel,1
oblicacionesimpagas,1
iciogerenciadorx,1
lucro,1
yeixndsgdj,1
muyjhvti,1
acxbrizg,1
ysalzydx,1
ttxocb,1
luzl,1
yhsncx,1
ystrdppc,1
yzelmmor,1
elxql,1
ysfodfc,1
muyjlw,1
esuj,1
iciogerenciadorxx,1
zapatoslatam,1
evitorlocacoesdeau,1
yescdn,1
losxhiod,1
vrhmkoc,1
ydic,1
yficxsr,1
ysbltfkv,1
yvcysxiz,1
yxcxfos,1
yxroosfo,1
consonant,1
spelutveckling,1
consorzioasp,1
cuperaciondeactivos,1
alquilerdeyatesen,1
fuencarral,1
ysdxgpl,1
funciones,1
dandoel,1
xovesveganos,1
muyuanqinye,1
comenzar,1
eldaarad,1
lasdiligencias,1
solucionesenmudanzas,1
lasartoriavm,1
zfzcn,1
ldvatxaqcd,1
excelcovid,1
niroocablezagros,1
elamt,1
zcnfr,1
solardoc,1
elrose,1
adque,1
alaciadosgar,1
amoblamientosbisogn,1
apostafacil,1
aspaldikoamurrio,1
desaparecidos,1
perolabrinquedos,1
esdecenizasparaperro,1
adereparaciondegoter,1
confeccionesbaltoda,1
cionestesamyp,1
yexcavaci,1
declacionjurada,1
dicdoc,1
elabogadode,1
elabogadodetulsa,1
elosolucoesagricolas,1
eltacovelozmxny,1
eroslosconsejeros,1
katumproduccions,1
lasrifasdelamona,1
lenguajedeluzldl,1
licenciasdeconducci,1
muebleszatina,1
mxefectividad,1
elpulgarcitodecentro,1
tresvant,1
ciondegoterasensota,1
riquezasustentavel,1
correcto,1
elenore,1
pregunto,1
ttkdiaretxeaikv,1
turborepuestosjyl,1
vecinosdeboria,1
ventazafiro,1
ydztce,1
yulenv,1
elwol,1
ylgea,1
ysjad,1
elxhpvd,1
yxeico,1
cocinandoando,1
nens,1
dobleccomunicacion,1
segurtecnico,1
tratamientoefetivo,1
eligiendosanar,1
votaciones,1
florenciaspb,1
komplex,1
gestionar,1
ylcae,1
elldoz,1
elwebatlas,1
motconvitxoerahaica,1
ysxb,1
yssoft,1
yfuga,1
luchat,1
limpiezadedesagues,1
yhxs,1
ymov,1
yswzyswz,1
ycn,1
yzbs,1
esbartrosadabril,1
elic,1
elppfdn,1
yctsplpy,1
ysve,1
ylpcm,1
ytuz,1
lospqd,1
ydwsx,1
yfal,1
ycas,1
ysej,1
conoces,1
elviajerosuizo,1
elpd,1
cualuakholanh,1
skommunikation,1
yzdcxc,1
creciendopymes,1
ysfzxx,1
ayuntamientodelorqui,1
laspalmeras,1
mueblescelso,1
elpezquesemuer,1
crecimientodeprostat,1
congeladospesca,1
cuadrodecorativos,1
zrckcn,1
gestorvacacional,1
consejosdelviajero,1
mueblesalzamora,1
elixrgfx,1
elcoleccionistadep,1
ofertasdelmes,1
puertas,1
ellicest,1
puebloave,1
elkmstdn,1
aniversarioefaelso,1
callearroyo,1
corretoradeseguros,1
alojamiento,1
alquilercamionetasrs,1
alquilerpatrifran,1
aparecidablocos,1
binzasbetzas,1
quemarcas,1
comunat,1
cionesreigosa,1
cionesarozagt,1
nesyreparacioneslfk,1
cuadrodecorados,1
cuadrosdecorado,1
cuadrosdecorados,1
cuadrosdecorativo,1
cocinamexica,1
desarrollandotuwebhn,1
docuidandoalcuidador,1
delpozoalcalde,1
eliskadrdova,1
elnegociodelos,1
eloetfifisemarient,1
esoxomasrd,1
iofrecuencia,1
fideicomisosde,1
franquiciadepizzasy,1
frecuenciasquesanan,1
esvelezmasajes,1
ambacuri,1
jmantenimientos,1
lasbet,1
llevate,1
loglnpolonieix,1
elostamales,1
lascomadres,1
iaemlicitacoes,1
entretenimen,1
ividadcolsubsidio,1
quetzalcoatl,1
lucionesparareciclar,1
tiendaelmilagro,1
tiendaym,1
tratamientocapil,1
ntlusuariosrecargstt,1
acionesinmuebles,1
horasatendimen,1
aluminioquilopy,1
ysyxlx,1
zupasvobitelj,1
yfkvsceosp,1
zerbitzukale,1
ytrt,1
balagensimportadas,1
gruposgarciamx,1
alquilerdemo,1
alquilerdemotos,1
elds,1
laskoviyveter,1
yiersan,1
ysic,1
rbrez,1
ysdc,1
mueblesrehacer,1
ebezlzgx,1
ytjfos,1
ytlqukts,1
ydfo,1
ydlf,1
yplnt,1
yxry,1
yfdo,1
ysfne,1
yuelrt,1
ylog,1
ydpct,1
elix,1
elzbz,1
ytfxswz,1
elslzjx,1
ynbn,1
yxpl,1
pxetxed,1
ydesvdt,1
ysaxwf,1
yvokoc,1
yynhebs,1
ysfmrctz,1
yuafgkgs,1
elgiaoog,1
yldnboln,1
ysbkplsg,1
elwwmbur,1
ycmdntxa,1
ypxnofea,1
ysxzocbs,1
ytlpozfx,1
yuldrrff,1
yuxomkye,1
esfvuc,1
elwmozt,1
muysuuv,1
yscnfju,1
yxsllzs,1
qtjycsak,1
ypxymgux,1
hvntxavj,1
yfoacifr,1
yxuxvove,1
dvxzas,1
losw,1
ambcvcvghj,1
ysemt,1
buenatinta,1
ixtapaiguana,1
elsiametin,1
ecofumigacionesrd,1
losfiesterosdeboyaca,1
impresionante,1
tascadeblanquerna,1
rtaslosguerazos,1
vitalidadal,1
scosmeticos,1
moldelos,1
segurpotalapp,1
vuelveteiavq,1
xnonlineacessrios,1
yulegrove,1
horasdeutilidades,1
complejolospradillos,1
prendimientolaboral,1
fusteriaescaire,1
yplo,1
mueblesenchiclana,1
alkutxainicio,1
intermediacoes,1
josdistribucionesla,1
rockymas,1
queena,1
limpiezadetapiceria,1
solucionesqreativas,1
viurepervinaros,1
nstarconvenincias,1
yriowtriaoz,1
ysloperopgfd,1
yswfderdfesa,1
yydsym,1
zarelakobenhavn,1
yvevuce,1
ysybzsefu,1
yzvae,1
ventademuebleses,1
elctelvdhs,1
elqlbv,1
eltecoloteranchtx,1
horarioydond,1
elnicaotzapoyanadomu,1
strafikutbildning,1
prendimientosconarte,1
bagnicaldiabbordabil,1
ysynaes,1
xjumst,1
zcn,1
elcnanlcec,1
jhonherrera,1
yslue,1
reparaciondecoches,1
aislamientostermicos,1
yzwsks,1
elikafisioterapia,1
yxlfsy,1
consejosdeseduccion,1
ydpyzs,1
cuadrondelamontaavbc,1
tejidosalpaka,1
edocemaedaeucaristia,1
mueblesdeterrazay,1
cxpexcavadorasyparte,1
callee,1
lasgo,1
espracticos,1
amberdale,1
airedes,1
ventaalquilerseguro,1
ventalquilerseguro,1
charlatans,1
cubaelecciones,1
campi,1
eldiccionariovet,1
eleccionescuba,1
elgallonegro,1
elguayacobarbon,1
esenciade,1
fiordzenikoaken,1
ydad,1
llamaweb,1
mueblesparacotos,1
nucificbiox,1
recubrimientosy,1
trasladoiguazuviajes,1
mientosanticorrosivo,1
idadefuerzaydignidad,1
viviendasguatelfp,1
xncbtogonovaiguatjb,1
yyuxhsdy,1
yoral,1
veranoibplataform,1
rcpeixun,1
negocioexitosopr,1
desicion,1
conocimientodesalud,1
nuevometodo,1
saludconocimien,1
larassistencialabiel,1
comoc,1
ioedificados,1
tempranillo,1
ponerse,1
elstyle,1
blommorfraannorrm,1
riktigtbrafamiljehem,1
elonspace,1
ysling,1
yber,1
elpatrorsps,1
yfnet,1
gzioaasdi,1
plaallotjamentasic,1
orioprodukzioak,1
yuenanguiren,1
mueblesrios,1
quesion,1
ycts,1
elpasajemagico,1
seguredingenieria,1
elreborujo,1
limpiezasguadiana,1
elsuizo,1
cixuepeixun,1
ambr,1
tusrecetasencasa,1
ytstblc,1
muyangzhuangshi,1
yxdnpx,1
barrilescerveceros,1
quedadecabelos,1
consejorenaldeprinc,1
edicionesolguinltda,1
eletrobuze,1
elagueur,1
cacionenmasajes,1
ysrc,1
alquilerdebici,1
beneficioliberado,1
cajasdedevoluci,1
conexaodesalarios,1
correosdelespaniaes,1
cqueezd,1
creacioneschispitas,1
elpueblitocordobes,1
elsyhajjar,1
fiduciairewidad,1
ycostosdesdecero,1
laentidad,1
lascazuelasok,1
ycarlos,1
necesidad,1
recetaszabrosas,1
enpeligrodeextincion,1
saludycuidadobucal,1
elses,1
losr,1
quebrou,1
yegdye,1
lajeado,1
ydnea,1
yser,1
ydnsxc,1
emprendimientosren,1
ypardoasociadossoluc,1
seguroviajero,1
paraciondefugasenlos,1
bienestarcerrajeria,1
bienestarmuebles,1
educacioninclusiva,1
elquiosqui,1
yacimientocuevade,1
duterte,1
riesgodeslizamientos,1
yredgaskepase,1
elpereezd,1
vodhoz,1
elnahultinssonfotogr,1
gemenskapssatsning,1
xnvxtbaseradmat,1
ysbeaut,1
xeravoa,1
quetoi,1
ubicadoal,1
limpiezamg,1
mueblesdemedida,1
yssqtao,1
yvirosn,1
ytaf,1
elisiomedrado,1
liburutegibiltegi,1
ydera,1
ysfgpsd,1
yteiofuytd,1
yterby,1
yterfd,1
yucsfyhr,1
ellozarluxotatizazas,1
andrada,1
capacitacionotececas,1
cuadrosasociados,1
deteccionesdefiltrac,1
elcubodepirque,1
elpuquio,1
geocienciasutalca,1
mueblesmi,1
otecopcionsur,1
sostenibilidadcss,1
tuaccionsostenible,1
loezxod,1
dzas,1
junyuan,1
ybssfsc,1
yjfs,1
yrod,1
ysglass,1
ysxevaxy,1
ytfas,1
yzdkgs,1
yzsf,1
abwsolucionestec,1
bombasyrepuestosltda,1
cursosdemanipulacion,1
lashou,1
influencial,1
encuadernacion,1
buscalo,1
elciervo,1
mueblesyacabados,1
ybyzsqc,1
yuxan,1
reclutamientomx,1
zxhlcn,1
elizabeths,1
luzen,1
esferas,1
piezaskoln,1
edificacionesphv,1
cirugiadeobesidadhsl,1
electricidad,1
laminadeseguridad,1
yfea,1
uinteligencia,1
almacenalfajor,1
alojamientolaescapad,1
alquilerdecontenedor,1
aniasidentidadgaucha,1
aseguranzadecarro,1
ayudasybecasgobierno,1
yesc,1
beneficiososprotura,1
burdinajatetxea,1
comoadestrarmeuga,1
cacionbidireccional,1
confeccionesquimatex,1
conocimientohmtl,1
acionespoblete,1
ducestentacionessint,1
elijasupropiedad,1
encuadernacioneseimp,1
espaciosydisenospyp,1
sentidos,1
acionesdaluha,1
mueblesdeinicia,1
joanns,1
lenguajeanimal,1
lestudi,1
acioneslahormiganegr,1
lycklignu,1
ditacionxtodos,1
ydsfi,1
mercerco,1
muebleselgranahorro,1
muyemuyebbbb,1
iicempresassgalincia,1
parroquiade,1
pinetakonutlari,1
polinizacioncruzada,1
rhanako,1
reducciondeasbes,1
vestimientofenolico,1
vestimientovinilico,1
cionesygasfiteria,1
saludysalubridad,1
secundariatecnica,1
saludyosteopatia,1
cantaritos,1
svetsochverktyg,1
tuempresaen,1
claveriepaad,1
yzds,1
nmentalidaddexitomqb,1
yhoaasoyn,1
ympetus,1
bezpecnecelakovice,1
praskovelakovani,1
amborgsulzbyte,1
ellungcaroservapolda,1
elauelue,1
elbnaehperle,1
lasbbqimbiss,1
ykarten,1
ivbimmoratgeber,1
oelzottmaring,1
elbvororte,1
codiac,1
elskvaerdig,1
tpasningsordning,1
lasssdjarkiver,1
ayuntamientopepillo,1
masajesytramientos,1
arantxazueco,1
cionsantosepulcro,1
calzadosblayca,1
cosladanavidad,1
yguadalquivir,1
previo,1
elsbonosdeborriana,1
gnatacionsevilla,1
hoybierzo,1
movilidadarticular,1
izquierdaunidaalc,1
laburbujaquerie,1
limpiezaigs,1
limpiezamarpimo,1
limpiezapaneles,1
limpiezaslorca,1
limpiezasluzdeluna,1
limpiezasurbasa,1
lizasomantenimientos,1
mueblescomoimaginas,1
mueblesjarols,1
mueblesluan,1
parece,1
asyconstruccionescip,1
reparalioasistencias,1
rivasnavidad,1
sidrerialajoguera,1
soluciones,1
telcomunicacionesclm,1
tashomantenimientos,1
trabajaenlosjuzgados,1
montcadaireixac,1
vklreclamacionesimpa,1
entrecomp,1
eurosceptic,1
elus,1
elsafarouzfouquet,1
elyetsespepites,1
etatsgenerauxbv,1
debennetdebarras,1
baratzeanuhartcize,1
csomagtartodepo,1
egyszercsak,1
elsoeletjaradeki,1
elettrautogesualdo,1
elode,1
residenzalberico,1
delsacroedelprofano,1
ydraulico,1
ystec,1
loserr,1
consejodelacomunicac,1
descubrir,1
esoobjetiva,1
aprendizajevinculado,1
eresenergia,1
gobiernodehuactzinco,1
ydobramsklep,1
aguaglaciar,1
castigacufructonic,1
laszgboja,1
sigueme,1
ltaxiaodaigua,1
yydsgzs,1
cabesasquiosco,1
muyangchunwangluo,1
ypcs,1
mueblesdebano,1
yskg,1
eltabernaculodeutua,1
segurdecesos,1
ysmen,1
prevenirquecurar,1
yfzyzs,1
horascerrajeros,1
saninazioikastetxea,1
yhls,1
elrabe,1
yent,1
ambalex,1
asociaciondeperitos,1
lascajitasdeami,1
bienisimopropiedades,1
piezasdecarroceria,1
yxsgzs,1
ylmfuos,1
elsvanouwerkerk,1
yxing,1
aipeixun,1
panificadoraelpan,1
amorsolo,1
creacionesmiguate,1
propiedadesfyj,1
lucionsoptometriques,1
eldienteazul,1
lenguajes,1
lenguajesdelamujer,1
ambigoddess,1
encia,1
ciudadshop,1
comunicaciones,1
concienciamx,1
cionssonfonoll,1
creacionesarpiba,1
creacionesyhoanna,1
demolx,1
desarrollaconocimien,1
dijonechiquierdesduc,1
elaboraciondeyogur,1
elcompendio,1
elforodelxaser,1
empezando,1
amientosfrigorificos,1
etiquetasyescudost,1
febrersolctdes,1
guillotinadevidrio,1
siseguridadysalubri,1
limpiezasrenacido,1
acionespordevoluci,1
desdelaautenticidad,1
losrentasvacacionale,1
mueblesdepatio,1
mueblesinojosa,1
yplnx,1
negociodelconocimien,1
orioerretegia,1
paraco,1
alguna,1
polizasdecesos,1
preocupacionales,1
privadahoracio,1
quemar,1
reclutamientohr,1
alcacer,1
requerimientoua,1
ysulfatoscertre,1
stalacionsdosrius,1
yboxb,1
caladoss,1
clbres,1
xncuidadosesadeeob,1
genierad,1
xniurritzaberriaba,1
elculascristianasjyb,1
ycms,1
yeeeeeeeeee,1
yexwoxexert,1
ykmswtc,1
ysiuxnlsd,1
ysme,1
ickezdravi,1
fumigacionesbogotadc,1
doblete,1
ambga,1
oadelgazamientoes,1
pruebacu,1
taxprocedimientos,1
cindyaldea,1
otzakatadorasveta,1
pxtatxes,1
elhantverk,1
sutbildningar,1
aplecesperit,1
junyfoo,1
prediccion,1
ganarefri,1
ddoddler,1
playaa,1
yslaae,1
dxcis,1
yxvpx,1
joannaba,1
ylcii,1
loxbc,1
losiu,1
ysjel,1
ambheddnf,1
elsosteniblebar,1
pueden,1
elworkup,1
congela,1
elfefeolopgdfefe,1
yfdzs,1
fondosgarantizados,1
eltrasgu,1
ambdosfogons,1
elplatodejpaiz,1
ambelhejosambeldadak,1
elevacionesyvuelosen,1
creacionesbp,1
mueblesren,1
proximab,1
symantenimientojr,1
mueblesdc,1
junyiguandao,1
ctzac,1
rpsolucionesydisenos,1
coleccionsociedad,1
elts,1
consorcioavalseguros,1
elizaevdepaketle,1
elvazaizar,1
elbombero,1
puntosde,1
playanorte,1
ybett,1
alojamientoencieza,1
alojamientosteruel,1
alquilerderetroexcav,1
lasry,1
artlabcreacions,1
aseguranzaenusa,1
bienestarazteca,1
bogarecubrimientos,1
chperitacionessl,1
clicacerrajero,1
elviajebyfraveo,1
compraventacor,1
ojoseoboticas,1
crecimientoprogresiv,1
creuseplomberie,1
llamaedge,1
mobiliarios,1
queenn,1
ejercicioy,1
elcccadmision,1
elcinceferov,1
elcriarconsciente,1
elecochoralechoeurde,1
elniupsicologia,1
encuestademovilidad,1
espaigresca,1
estadisticasprimitiv,1
fumigacionesixt,1
gananciasexponencia,1
ywyikcyiosi,1
kpemprendimientos,1
llevame,1
tenimientoyconstrucc,1
lascurainpsicologia,1
mueblesdigar,1
muebleslogar,1
mueblesmaces,1
mueblesmdi,1
mueblestipo,1
olacongelados,1
elvulcan,1
loucura,1
enprotecciondedatos,1
izacionesdetazasy,1
pintexaplicacions,1
proyeccionesbarlaans,1
recetasyfog,1
riesgosgeneraleskcs,1
ysinc,1
yvenrurs,1
lasikyokumieru,1
lcisd,1
esyexcavacionesmara,1
ttxedien,1
quegems,1
unidadpatologiaperi,1
visibilidad,1
conbaqb,1
ydsl,1
yfys,1
yhtm,1
yphstc,1
ysfr,1
personajes,1
juegosps,1
ltoquecarp,1
ctificacionescuruzu,1
elxcu,1
enfrecuencia,1
mueblesparagatos,1
elitzabory,1
xnssongsarbetegcb,1
lostt,1
mueblesdisegnofontee,1
yscart,1
elenziteadvogada,1
algoexcepcional,1
ysnydmu,1
skidaddle,1
lasikusa,1
amblh,1
ydiv,1
yhnds,1
ycios,1
disseny,1
eletpoivre,1
ygirriss,1
sahamedlatxomqc,1
ellorito,1
agrupacionsindical,1
alquilerdecoches,1
conjuguonsnos,1
pypsolucionesjuridic,1
buenoo,1
etiquetaspararopa,1
esrl,1
yfls,1
plenasolucoes,1
elaltavozweb,1
bjoaweixiu,1
yuxiys,1
loscordovas,1
bigualupeixun,1
lasca,1
eltemploparrillero,1
guerillas,1
matrimonioaleyxavi,1
lostulares,1
yturt,1
ymaa,1
osymantenimientosgys,1
acuarioaldia,1
ahorroycrecimien,1
albuque,1
alquileresloja,1
otron,1
eleronicsinc,1
bienestartotal,1
casimbo,1
laciondesuelossp,1
comptabilteradovic,1
conquerer,1
consejosdeeducacion,1
elheiroimobiliario,1
dedicado,1
docenciacolectiva,1
dobles,1
ejecutivostorogos,1
ejecutivostorogoz,1
eleksbet,1
elmettceh,1
elouarradi,1
elsuenodeunjibaro,1
empleosdiirect,1
enfermedadesrarasmx,1
espionandosegredos,1
rocablanca,1
gruposgrseguranca,1
guiaparapropietarios,1
hablapsicologia,1
hombremusculos,1
jornadadeinnovacin,1
jornadadeinnovacion,1
laempalizadapr,1
lasdiezmilhijasde,1
limpiezadecasasyal,1
losnaranjos,1
mueblescucuta,1
muyiwa,1
muyiwlkj,1
contactoesweb,1
acionpsico,1
ycreacioneszurgab,1
riayelectricidadcarz,1
prensadosargasaslp,1
pruebaa,1
puertaantigua,1
quedot,1
reclamacionsalarios,1
cionesdegrietasdehor,1
saludpsiquiatria,1
ventadevasosdesech,1
confrecuencia,1
wwwempresasbs,1
ambiv,1
nuevaencristojess,1
ydowr,1
ysmagagines,1
yubartashospedaje,1
zurebotoakbaliodu,1
yzgx,1
ycidf,1
agrupacion,1
beneficiosltau,1
decomputacionsederio,1
loalquilamos,1
confound,1
muertes,1
parroquiasanjosepr,1
riosdevoluntad,1
attlg,1
elinstruktioner,1
samverkan,1
nyfikenhetochomtanke,1
elmgrartovewi,1
elsihtiffu,1
yucerchies,1
elomextonsters,1
elsvomagz,1
yyreas,1
quets,1
yvoo,1
yymt,1
ybyzds,1
ambxpob,1
dxax,1
yssweo,1
tantoey,1
ngoclamps,1
muyyafstq,1
elcobijoenlacolina,1
creciendopsicologia,1
alquilervr,1
ysggcm,1
elglaciar,1
lupillo,1
paracioneshidraulic,1
xneleccionesespaacrb,1
yyxlhs,1
yensao,1
comos,1
elcorte,1
catamarca,1
ambpoeial,1
syclasificados,1
fincasvillavicencio,1
crec,1
leidaseducao,1
puestadelsol,1
adecuacioneslocativ,1
parroquialafe,1
xnidentidadyreputac,1
yhor,1
creacionesbely,1
lasbrasasantojitos,1
endulzamientos,1
elshop,1
ellpizo,1
xarxesiwebs,1
elcamino,1
perosnnelinc,1
abogadoimigracion,1
yrusts,1
ambbetx,1
ambnieruchomosci,1
ayuntamientonao,1
idadcasamalinche,1
parareconocimientos,1
peroo,1
cadencia,1
casinsignup,1
catictracordercatic,1
clasificadosaqui,1
ruterosgloriosos,1
conocimientos,1
consueldabalsamos,1
iatres,1
dacionespgaryaa,1
elphie,1
lacionlaserasequible,1
alimentar,1
elorena,1
tenimientoautomotriz,1
ybdoi,1
elaboraciondemapas,1
elcoleccionistadejoy,1
eldcatrige,1
eloiadvocaciabancari,1
elsword,1
eltyranosauriorexx,1
enlacesb,1
essenciatejidos,1
dadesdoseudiacomlu,1
paseoextremadura,1
franquiciasvitalab,1
gendutempattujuh,1
ydescensodelsella,1
juiciodelojotirano,1
sparareconocimientos,1
leccionesdemanejode,1
reclamacionesusmp,1
limpiezaimc,1
horasflatbe,1
tenimientoeinnovacio,1
mientras,1
moltemigliaia,1
necessitate,1
casia,1
lleno,1
desease,1
recetafreidoradeaire,1
cionesriumx,1
rosianeseixas,1
sitiolnfoturnosvtv,1
solucionesone,1
enibilidadcampofrio,1
actos,1
tiendacafestc,1
tiendaeuropa,1
pazioalentejo,1
trabajamenosyganamas,1
esnutricionalese,1
icaridentidadacceda,1
elffa,1
xneleccionescataluau,1
manoscpb,1
ydpd,1
ydspttzs,1
yfrsr,1
yingpian,1
ypbyd,1
ystech,1
yusaf,1
ugrafikoarenglosario,1
jadoikastetxeaprueba,1
keoypoxybideailamas,1
asegurancas,1
dibujosfo,1
elcursoquebuscabas,1
jcwebsolucions,1
mueblesydiseno,1
muyygdd,1
queimecalorias,1
vattenskador,1
arxiupallarolsrubi,1
minutosexercicios,1
esophawcnb,1
elncxprt,1
esrever,1
ybysdol,1
yveztpy,1
losx,1
tenimientocctvcdmx,1
elstree,1
yfive,1
ytrcnys,1
xsguxbtxavd,1
